<ParameterList name="Main" type="ParameterList">
  <ParameterList name="mesh" type="ParameterList">
    <ParameterList name="domain" type="ParameterList">
      <Parameter name="mesh type" type="string" value="generate mesh" />
      <Parameter name="build columns from set" type="string" value="surface face" />
      <ParameterList name="generate mesh parameters" type="ParameterList">
        <Parameter name="number of cells" type="Array(int)" value="{1,1,400}" />
        <Parameter name="domain low coordinate" type="Array(double)" value="{ 0, 0, 0}" />
        <Parameter name="domain high coordinate" type="Array(double)" value="{ 1, 1, 40}" />
      </ParameterList>
    </ParameterList>
    <ParameterList name="surface" type="ParameterList">
      <Parameter name="mesh type" type="string" value="surface" />
      <ParameterList name="surface parameters" type="ParameterList">
        <Parameter name="surface sideset name" type="string" value="surface face" />
      </ParameterList>
    </ParameterList>
    <ParameterList name="snow" type="ParameterList">
      <Parameter name="mesh type" type="string" value="aliased" />
      <ParameterList name="aliased parameters" type="ParameterList">
        <Parameter name="target" type="string" value="surface" />
      </ParameterList>
    </ParameterList>
  </ParameterList>
 
  <ParameterList name="regions" type="ParameterList">
    <ParameterList name="subsurface domain" type="ParameterList">
      <ParameterList name="region: box" type="ParameterList">
        <Parameter name="low coordinate" type="Array(double)" value="{ 0, 0, 0}" />
        <Parameter name="high coordinate" type="Array(double)" value="{ 1, 1, 40}" />
      </ParameterList>
    </ParameterList>
    <ParameterList name="surface domain" type="ParameterList">
      <ParameterList name="region: all" type="ParameterList">
      </ParameterList>
    </ParameterList>
    <ParameterList name="subsurface domain bedrock" type="ParameterList">
      <ParameterList name="region: box" type="ParameterList">
        <Parameter name="low coordinate" type="Array(double)" value="{ 0, 0, 0}" />
        <Parameter name="high coordinate" type="Array(double)" value="{ 1, 1, 20}" />
      </ParameterList>
    </ParameterList>
    <ParameterList name="subsurface domain mineral" type="ParameterList">
      <ParameterList name="region: box" type="ParameterList">
        <Parameter name="low coordinate" type="Array(double)" value="{ 0, 0, 20}" />
        <Parameter name="high coordinate" type="Array(double)" value="{ 1, 1, 39.7}" />
      </ParameterList>
    </ParameterList>
    <ParameterList name="subsurface domain peat" type="ParameterList">
      <ParameterList name="region: box" type="ParameterList">
        <Parameter name="low coordinate" type="Array(double)" value="{ 0, 0, 39.7}" />
        <Parameter name="high coordinate" type="Array(double)" value="{ 1, 1, 40}" />
      </ParameterList>
    </ParameterList>
    <ParameterList name="surface face" type="ParameterList">
      <ParameterList name="region: plane" type="ParameterList">
        <Parameter name="point" type="Array(double)" value="{0.5, 0.5, 40}" />
        <Parameter name="normal" type="Array(double)" value="{ 0, 0, 1}" />
      </ParameterList>
    </ParameterList>
    <ParameterList name="bottom face" type="ParameterList">
        <ParameterList name="region: plane" type="ParameterList">
        <Parameter name="point" type="Array(double)" value="{0.5,0.5, 0}" />
        <Parameter name="normal" type="Array(double)" value="{ 0, 0,-1}" />
      </ParameterList>
    </ParameterList>
 
    <ParameterList name="subsurface point -0.01" type="ParameterList">
      <ParameterList name="region: point" type="ParameterList">
        <Parameter name="coordinate" type="Array(double)" value="{0.0,0.0,39.99}" />
      </ParameterList>
    </ParameterList>
    <ParameterList name="subsurface point -0.04" type="ParameterList">
      <ParameterList name="region: point" type="ParameterList">
        <Parameter name="coordinate" type="Array(double)" value="{0.0,0.0,39.96}" />
      </ParameterList>
    </ParameterList>
    <ParameterList name="subsurface point -0.1" type="ParameterList">
      <ParameterList name="region: point" type="ParameterList">
        <Parameter name="coordinate" type="Array(double)" value="{0.0,0.0,39.9}" />
      </ParameterList>
    </ParameterList>
    <ParameterList name="subsurface point -0.2" type="ParameterList">
      <ParameterList name="region: point" type="ParameterList">
        <Parameter name="coordinate" type="Array(double)" value="{0.0,0.0,39.8}" />
      </ParameterList>
    </ParameterList>
    <ParameterList name="subsurface point -0.4" type="ParameterList">
      <ParameterList name="region: point" type="ParameterList">
        <Parameter name="coordinate" type="Array(double)" value="{0.0,0.0,39.6}" />
      </ParameterList>
    </ParameterList>
    <ParameterList name="subsurface point -0.8" type="ParameterList">
      <ParameterList name="region: point" type="ParameterList">
        <Parameter name="coordinate" type="Array(double)" value="{0.0,0.0,39.2}" />
      </ParameterList>
    </ParameterList>
    <ParameterList name="subsurface point -1.2" type="ParameterList">
      <ParameterList name="region: point" type="ParameterList">
        <Parameter name="coordinate" type="Array(double)" value="{0.0,0.0,38.8}" />
      </ParameterList>
    </ParameterList>
    <ParameterList name="subsurface point -1.6" type="ParameterList">
      <ParameterList name="region: point" type="ParameterList">
        <Parameter name="coordinate" type="Array(double)" value="{0.0,0.0,38.4}" />
      </ParameterList>
    </ParameterList>
    <ParameterList name="subsurface point -5.0" type="ParameterList">
      <ParameterList name="region: point" type="ParameterList">
        <Parameter name="coordinate" type="Array(double)" value="{0.0,0.0,35.0}" />
      </ParameterList>
    </ParameterList>
    <ParameterList name="subsurface point -10.0" type="ParameterList">
      <ParameterList name="region: point" type="ParameterList">
        <Parameter name="coordinate" type="Array(double)" value="{0.0,0.0,30.0}" />
      </ParameterList>
    </ParameterList>
    <ParameterList name="subsurface point -20.0" type="ParameterList">
      <ParameterList name="region: point" type="ParameterList">
        <Parameter name="coordinate" type="Array(double)" value="{0.0,0.0,20.0}" />
      </ParameterList>
    </ParameterList>
    <ParameterList name="subsurface point -30.0" type="ParameterList">
      <ParameterList name="region: point" type="ParameterList">
        <Parameter name="coordinate" type="Array(double)" value="{0.0,0.0,10.0}" />
      </ParameterList>
    </ParameterList>
    <ParameterList name="subsurface point -40.0" type="ParameterList">
      <ParameterList name="region: point" type="ParameterList">
        <Parameter name="coordinate" type="Array(double)" value="{0.0,0.0,0.0}" />
      </ParameterList>
    </ParameterList>
    <ParameterList name="surface outlet" type="ParameterList">
      <ParameterList name="region: boundary" type="ParameterList">
      </ParameterList>
    </ParameterList>
    <!--<ParameterList name="subsurface point 0.01" type="ParameterList">
      <ParameterList name="region: point" type="ParameterList">
        <Parameter name="coordinate" type="Array(double)" value="{0.0,0.0,-0.01}" />
      </ParameterList>
    </ParameterList>
    <ParameterList name="subsurface point 0.03" type="ParameterList">
      <ParameterList name="region: point" type="ParameterList">
        <Parameter name="coordinate" type="Array(double)" value="{0.0,0.0,-0.03}" />
      </ParameterList>
    </ParameterList>
    <ParameterList name="subsurface point 0.05" type="ParameterList">
      <ParameterList name="region: point" type="ParameterList">
        <Parameter name="coordinate" type="Array(double)" value="{0.0,0.0,-0.05}" />
      </ParameterList>
    </ParameterList>
    <ParameterList name="subsurface point 0.1" type="ParameterList">
      <ParameterList name="region: point" type="ParameterList">
        <Parameter name="coordinate" type="Array(double)" value="{0.0,0.0,-0.1}" />
      </ParameterList>
    </ParameterList>
    <ParameterList name="subsurface point 0.4" type="ParameterList">
      <ParameterList name="region: point" type="ParameterList">
        <Parameter name="coordinate" type="Array(double)" value="{0.0,0.0,-0.4}" />
      </ParameterList>
    </ParameterList>
    <ParameterList name="subsurface point 1" type="ParameterList">
      <ParameterList name="region: point" type="ParameterList">
        <Parameter name="coordinate" type="Array(double)" value="{0.0,0.0,-1.0}" />
      </ParameterList>
    </ParameterList> -->
  </ParameterList>
 
  <ParameterList name="cycle driver" type="ParameterList">
    <!-- Running the simulation for 365 days -->
    <Parameter name="start time" type="double" value=" 0" />
    <Parameter name="start time units" type="string" value="d" />
    <Parameter name="end time" type="double" value="365" />
    <Parameter name="end time units" type="string" value="d" />
    <ParameterList name="PK tree" type="ParameterList">
      <ParameterList name="Top level MPC" type="ParameterList">
        <Parameter name="PK type" type="string" value="subsurface permafrost" />
        <ParameterList name="flow" type="ParameterList">
          <Parameter name="PK type" type="string" value="permafrost flow" />
        </ParameterList>
        <ParameterList name="energy" type="ParameterList">
          <Parameter name="PK type" type="string" value="three-phase energy" />
        </ParameterList>
      </ParameterList>
    </ParameterList>
  </ParameterList>
 
  <ParameterList name="PKs" type="ParameterList">
 
    <ParameterList name="Top level MPC" type="ParameterList">
      <Parameter name="PK type" type="string" value="subsurface permafrost" />
      <Parameter name="PKs order" type="Array(string)" value="{flow,energy}" />
      <Parameter name="supress Jacobian terms: d div q / dT" type="bool" value="false" />
      <Parameter name="supress Jacobian terms: d div K grad T / dp" type="bool" value="false" />
      <Parameter name="supress Jacobian terms: d div hq / dp,T" type="bool" value="false" />
      <Parameter name="supress Jacobian terms: d div surface q / dT" type="bool" value="true" />
      <Parameter name="dump preconditioner" type="bool" value="false" />
      <Parameter name="predictor type" type="string" value="smart ewc" />
      <Parameter name="preconditioner type" type="string" value="picard" />
      <ParameterList name="ewc delegate" type="ParameterList">
        <Parameter name="predictor type" type="string" value="smart ewc" />
        <Parameter name="preconditioner type" type="string" value="none" />
        <ParameterList name="verbose object" type="ParameterList">
          <Parameter name="verbosity level" type="string" value="high" />
        </ParameterList>
      </ParameterList>
 
      <ParameterList name="verbose object" type="ParameterList">
        <Parameter name="verbosity level" type="string" value="high" />
      </ParameterList>
 
      <ParameterList name="inverse" type="ParameterList">
        <Parameter name="preconditioning method" type="string" value="boomer amg" />
        <Parameter name="iterative method" type="string" value="gmres" />
        <ParameterList name="boomer amg parameters" type="ParameterList">
          <Parameter name="cycle applications" type="int" value="1" />
          <Parameter name="smoother sweeps" type="int" value="1" />
          <Parameter name="strong threshold" type="double" value="0.65" />
          <Parameter name="tolerance" type="double" value=" 0" />
          <Parameter name="number of functions" type="int" value="2" />
        </ParameterList>
        <ParameterList name="verbose object" type="ParameterList">
          <Parameter name="verbosity level" type="string" value="medium" />
        </ParameterList>
        <ParameterList name="gmres parameters" type="ParameterList">
          <Parameter name="preconditioning strategy" type="string" value="left" />
          <Parameter name="error tolerance" type="double" value="1e-06" />
          <Parameter name="convergence criteria" type="Array(string)" value="{relative residual,make one iteration}" />
          <Parameter name="maximum number of iteration" type="int" value="10" />
        </ParameterList>
      </ParameterList>
 
      <ParameterList name="time integrator" type="ParameterList">
        <Parameter name="extrapolate initial guess" type="bool" value="true" />
        <Parameter name="solver type" type="string" value="nka_bt_ats" />
        <Parameter name="timestep controller type" type="string" value="smarter" />
        <ParameterList name="nka_bt_ats parameters" type="ParameterList">
          <Parameter name="nka lag iterations" type="int" value="2" />
          <Parameter name="max backtrack steps" type="int" value="5" />
          <Parameter name="backtrack lag" type="int" value="0" />
          <Parameter name="backtrack factor" type="double" value="0.5" />
          <Parameter name="backtrack tolerance" type="double" value="0.0001" />
          <Parameter name="nonlinear tolerance" type="double" value="1e-05" />
          <Parameter name="diverged tolerance" type="double" value="100000" />
          <Parameter name="limit iterations" type="int" value="21" />
          <ParameterList name="verbose object" type="ParameterList">
            <Parameter name="verbosity level" type="string" value="high" />
          </ParameterList>
        </ParameterList>
        <ParameterList name="verbose object" type="ParameterList">
          <Parameter name="verbosity level" type="string" value="high" />
        </ParameterList>
        <ParameterList name="timestep controller smarter parameters" type="ParameterList">
          <Parameter name="max iterations" type="int" value="18" />
          <Parameter name="min iterations" type="int" value="10" />
          <Parameter name="time step reduction factor" type="double" value="0.5" />
          <Parameter name="time step increase factor" type="double" value="1.5" />
          <Parameter name="max time step" type="double" value="1e+10" />
          <Parameter name="min time step" type="double" value="1e-10" />
          <Parameter name="growth wait after fail" type="int" value="2" />
          <Parameter name="count before increasing increase factor" type="int" value="2" />
        </ParameterList>
      </ParameterList>
 
    </ParameterList>
 
    <ParameterList name="flow" type="ParameterList">
      <Parameter name="PK type" type="string" value="permafrost flow" />
      <Parameter name="primary variable key" type="string" value="pressure" />
      <Parameter name="initial time step" type="double" value=" 1" />
      <Parameter name="relative permeability method" type="string" value="upwind with Darcy flux" />
      <Parameter name="permeability rescaling" type="double" value="10000000" />
      <Parameter name="max valid change in saturation in a time step [-]" type="double" value="0.1" />
      <Parameter name="max valid change in ice saturation in a time step [-]" type="double" value="0.1" />
      <Parameter name="debug cells" type="Array(int)" value="{0,84}" />
      <ParameterList name="verbose object" type="ParameterList">
        <Parameter name="verbosity level" type="string" value="high" />
      </ParameterList>
 
      <ParameterList name="diffusion" type="ParameterList">
        <Parameter name="discretization primary" type="string" value="mfd: two-point flux approximation" />
      </ParameterList>
 
      <ParameterList name="diffusion preconditioner" type="ParameterList">
        <Parameter name="include Newton correction" type="bool" value="true" />
      </ParameterList>
 
      <ParameterList name="boundary conditions" type="ParameterList">
      </ParameterList>
 
      <ParameterList name="initial condition" type="ParameterList">
        <Parameter name="hydrostatic head [m]" type="double" value="-1" />
        <Parameter name="hydrostatic water density [kg m^-3]" type="double" value="1000" />
      </ParameterList>
 
      <ParameterList name="water retention evaluator" type="ParameterList">
        <Parameter name="minimum rel perm cutoff" type="double" value=" 0" />
        <ParameterList name="WRM parameters" type="ParameterList">
          <ParameterList name="peat" type="ParameterList">
            <Parameter name="region" type="string" value="subsurface domain peat" />
            <Parameter name="WRM Type" type="string" value="van Genuchten" />
            <Parameter name="van Genuchten alpha [Pa^-1]" type="double" value="     1.0000000E-02" />
            <Parameter name="van Genuchten n [-]" type="double" value=" 2.0500000E+00" />
            <Parameter name="residual saturation [-]" type="double" value="  2.2432414E-01" />
            <Parameter name="smoothing interval width [saturation]" type="double" value="0.1" />
          </ParameterList>
          <ParameterList name="mineral" type="ParameterList">
            <Parameter name="region" type="string" value="subsurface domain mineral" />
            <Parameter name="WRM Type" type="string" value="van Genuchten" />
            <Parameter name="van Genuchten alpha [Pa^-1]" type="double" value="     1.8249144E-03" />
            <Parameter name="van Genuchten n [-]" type="double" value=" 2.0500000E+00" />
            <Parameter name="residual saturation [-]" type="double" value="  1.5948806E-01" />
            <Parameter name="smoothing interval width [saturation]" type="double" value="0.1" />
          </ParameterList>
          <ParameterList name="bedrock" type="ParameterList">
            <Parameter name="region" type="string" value="subsurface domain bedrock" />
            <Parameter name="WRM Type" type="string" value="van Genuchten" />
            <Parameter name="van Genuchten alpha [Pa^-1]" type="double" value="0.03" />
            <Parameter name="van Genuchten n [-]" type="double" value="2" />
            <Parameter name="residual saturation [-]" type="double" value="0.05" />
            <Parameter name="smoothing interval width [saturation]" type="double" value="0.1" />
          </ParameterList>
        </ParameterList>
        <ParameterList name="permafrost model parameters" type="ParameterList">
          <Parameter name="permafrost WRM type" type="string" value="fpd permafrost model" />
          <Parameter name="minimum dsi_dpressure magnitude" type="double" value="1e-12" />
        </ParameterList>
        <ParameterList name="verbose object" type="ParameterList">
          <Parameter name="verbosity level" type="string" value="low" />
        </ParameterList>
      </ParameterList>
 
    </ParameterList>
 
    <ParameterList name="energy" type="ParameterList">
      <Parameter name="PK type" type="string" value="three-phase energy" />
      <Parameter name="primary variable key" type="string" value="temperature" />
      <Parameter name="supress advective terms in preconditioner" type="bool" value="true" />
      <Parameter name="source term" type="bool" value="false" />
      <Parameter name="initial time step" type="double" value=" 1" />
      <Parameter name="debug cells" type="Array(int)" value="{0,84}" />
      <ParameterList name="verbose object" type="ParameterList">
        <Parameter name="verbosity level" type="string" value="high" />
      </ParameterList>
 
      <ParameterList name="diffusion" type="ParameterList">
        <Parameter name="discretization primary" type="string" value="mfd: two-point flux approximation" />
      </ParameterList>
 
      <ParameterList name="boundary conditions" type="ParameterList">
        <ParameterList name="temperature" type="ParameterList">
          <ParameterList name="Top" type="ParameterList">
            <Parameter name="regions" type="Array(string)" value="{surface face}" />
            <ParameterList name="boundary temperature" type="ParameterList">
              <ParameterList name="function-tabular" type="ParameterList">
                <!--<Parameter name="file" type="string" value="../Data/Data_Yakou/Yakou_met_data_ITP_rk/Final_InputData_Model/Yakou_data_2017_cyclic_5yrs.h5" />-->
                <Parameter name="file" type="string" value="../data_input/Yakou_data_subtemp0cm_2017.h5" />
                <Parameter name="x header" type="string" value="time [s]" />
                <Parameter name="y header" type="string" value="Soil temperature at - 0.00 m (K)" />
              </ParameterList>
            </ParameterList>
          </ParameterList>
        </ParameterList>
      </ParameterList>
 
      <ParameterList name="initial condition" type="ParameterList">
        <ParameterList name="function" type="ParameterList">
          <ParameterList name="initial temperature cells" type="ParameterList">
            <Parameter name="region" type="string" value="subsurface domain" />
            <Parameter name="components" type="Array(string)" value="{face,cell}" />
            <ParameterList name="function" type="ParameterList">
              <ParameterList name="function-constant" type="ParameterList">
                <Parameter name="value" type="double" value="270.15" />
              </ParameterList>
            </ParameterList>
          </ParameterList>
        </ParameterList>
      </ParameterList>
 
      <ParameterList name="thermal conductivity evaluator" type="ParameterList">
        <ParameterList name="thermal conductivity parameters" type="ParameterList">
          <ParameterList name="peat" type="ParameterList">
            <Parameter name="region" type="string" value="subsurface domain peat" />
            <Parameter name="thermal conductivity type" type="string" value="three-phase wet/dry" />
            <Parameter name="thermal conductivity, saturated (unfrozen) [W m^-1 K^-1]" type="double" value="   4.3957661E-01" />
            <Parameter name="thermal conductivity, dry [W m^-1 K^-1]" type="double" value="   1.0102341E-01" />
            <Parameter name="unsaturated alpha frozen [-]" type="double" value="  1.5051142E+00" />
            <Parameter name="unsaturated alpha unfrozen [-]" type="double" value="   4.8693541E-01" />
          </ParameterList>
          <ParameterList name="mineral" type="ParameterList">
            <Parameter name="region" type="string" value="subsurface domain mineral" />
            <Parameter name="thermal conductivity type" type="string" value="three-phase wet/dry" />
            <Parameter name="thermal conductivity, saturated (unfrozen) [W m^-1 K^-1]" type="double" value="   9.5210506E-01" />
            <Parameter name="thermal conductivity, dry [W m^-1 K^-1]" type="double" value="   9.8440543E-01" />
            <Parameter name="unsaturated alpha frozen [-]" type="double" value="  1.4993891E+00" />
            <Parameter name="unsaturated alpha unfrozen [-]" type="double" value="   6.9888403E-01" />
          </ParameterList>
          <ParameterList name="bedrock" type="ParameterList">
            <Parameter name="region" type="string" value="subsurface domain bedrock" />
            <Parameter name="thermal conductivity type" type="string" value="three-phase wet/dry" />
            <Parameter name="thermal conductivity, saturated (unfrozen) [W m^-1 K^-1]" type="double" value=" 1" />
            <Parameter name="thermal conductivity, dry [W m^-1 K^-1]" type="double" value="0.29" />
            <Parameter name="unsaturated alpha frozen [-]" type="double" value=" 1" />
            <Parameter name="unsaturated alpha unfrozen [-]" type="double" value="0.5" />
          </ParameterList>
        </ParameterList>
        <ParameterList name="verbose object" type="ParameterList">
          <Parameter name="verbosity level" type="string" value="low" />
        </ParameterList>
      </ParameterList>
 
      <ParameterList name="enthalpy evaluator" type="ParameterList">
        <Parameter name="include work term" type="bool" value="false" />
      </ParameterList>
 
    </ParameterList>
 
  </ParameterList>
 
  <ParameterList name="state" type="ParameterList">
    <ParameterList name="field evaluators" type="ParameterList">
 
      <ParameterList name="water_content" type="ParameterList">
        <Parameter name="field evaluator type" type="string" value="liquid+ice water content" />
      </ParameterList>
 
      <ParameterList name="energy" type="ParameterList">
        <Parameter name="field evaluator type" type="string" value="liquid+ice energy" />
      </ParameterList>
 
      <ParameterList name="capillary_pressure_gas_liq" type="ParameterList">
        <Parameter name="field evaluator type" type="string" value="capillary pressure, atmospheric gas over liquid" />
        <ParameterList name="verbose object" type="ParameterList">
          <Parameter name="verbosity level" type="string" value="low" />
        </ParameterList>
      </ParameterList>
 
      <ParameterList name="capillary_pressure_liq_ice" type="ParameterList">
        <Parameter name="field evaluator type" type="string" value="capillary pressure, water over ice" />
        <ParameterList name="capillary pressure of ice-water" type="ParameterList">
          <Parameter name="smoothing width [K]" type="double" value="0.2" />
          <Parameter name="interfacial tension ice-water [mN m^-1]" type="double" value="33.1" />
          <Parameter name="interfacial tension air-water [mN m^-1]" type="double" value="72.7" />
          <Parameter name="latent heat [J kg^-1]" type="double" value="  3.3400000E+05" />
        </ParameterList>
        <ParameterList name="verbose object" type="ParameterList">
          <Parameter name="verbosity level" type="string" value="low" />
        </ParameterList>
      </ParameterList>
 
      <ParameterList name="molar_density_liquid" type="ParameterList">
        <Parameter name="field evaluator type" type="string" value="eos" />
        <Parameter name="EOS basis" type="string" value="both" />
        <Parameter name="molar density key" type="string" value="molar_density_liquid" />
        <Parameter name="mass density key" type="string" value="mass_density_liquid" />
        <ParameterList name="EOS parameters" type="ParameterList">
          <Parameter name="EOS type" type="string" value="liquid water" />
        </ParameterList>
        <ParameterList name="verbose object" type="ParameterList">
          <Parameter name="verbosity level" type="string" value="low" />
        </ParameterList>
      </ParameterList>
 
      <ParameterList name="viscosity_liquid" type="ParameterList">
        <Parameter name="field evaluator type" type="string" value="viscosity" />
        <Parameter name="viscosity key" type="string" value="viscosity_liquid" />
        <ParameterList name="viscosity model parameters" type="ParameterList">
          <Parameter name="viscosity relation type" type="string" value="liquid water" />
        </ParameterList>
        <ParameterList name="verbose object" type="ParameterList">
          <Parameter name="verbosity level" type="string" value="low" />
        </ParameterList>
      </ParameterList>
 
      <ParameterList name="molar_density_gas" type="ParameterList">
        <Parameter name="field evaluator type" type="string" value="eos" />
        <Parameter name="EOS basis" type="string" value="molar" />
        <Parameter name="molar density key" type="string" value="molar_density_gas" />
        <ParameterList name="EOS parameters" type="ParameterList">
          <Parameter name="EOS type" type="string" value="vapor in gas" />
          <ParameterList name="gas EOS parameters" type="ParameterList">
            <Parameter name="EOS type" type="string" value="ideal gas" />
          </ParameterList>
        </ParameterList>
        <ParameterList name="verbose object" type="ParameterList">
          <Parameter name="verbosity level" type="string" value="low" />
        </ParameterList>
      </ParameterList>
 
      <ParameterList name="molar_density_ice" type="ParameterList">
        <Parameter name="field evaluator type" type="string" value="eos" />
        <Parameter name="EOS basis" type="string" value="molar" />
        <Parameter name="molar density key" type="string" value="molar_density_ice" />
        <ParameterList name="EOS parameters" type="ParameterList">
          <Parameter name="EOS type" type="string" value="ice" />
        </ParameterList>
        <ParameterList name="verbose object" type="ParameterList">
          <Parameter name="verbosity level" type="string" value="low" />
        </ParameterList>
      </ParameterList>
 
      <ParameterList name="internal_energy_liquid" type="ParameterList">
        <Parameter name="field evaluator type" type="string" value="iem" />
        <Parameter name="internal energy key" type="string" value="internal_energy_liquid" />
        <ParameterList name="IEM parameters" type="ParameterList">
          <Parameter name="IEM type" type="string" value="linear" />
          <Parameter name="heat capacity [J mol^-1 K^-1]" type="double" value="  7.6000000E+01" />
        </ParameterList>
        <ParameterList name="verbose object" type="ParameterList">
          <Parameter name="verbosity level" type="string" value="low" />
        </ParameterList>
      </ParameterList>
 
      <ParameterList name="internal_energy_rock" type="ParameterList">
        <Parameter name="field evaluator type" type="string" value="iem" />
        <Parameter name="internal energy key" type="string" value="internal_energy_rock" />
        <ParameterList name="IEM parameters" type="ParameterList">
          <Parameter name="IEM type" type="string" value="linear" />
          <Parameter name="heat capacity [J kg^-1 K^-1]" type="double" value="  6.2000000E+02" />
        </ParameterList>
        <ParameterList name="verbose object" type="ParameterList">
          <Parameter name="verbosity level" type="string" value="low" />
        </ParameterList>
      </ParameterList>
 
      <ParameterList name="internal_energy_ice" type="ParameterList">
        <Parameter name="field evaluator type" type="string" value="iem" />
        <Parameter name="internal energy key" type="string" value="internal_energy_ice" />
        <ParameterList name="IEM parameters" type="ParameterList">
          <Parameter name="IEM type" type="string" value="quadratic" />
          <Parameter name="latent heat [J mol^-1]" type="double" value=" -6.0078700E+03" />
          <Parameter name="heat capacity [J mol^-1 K^-1]" type="double" value="37.7841" />
          <Parameter name="quadratic b [J mol^-1 K^-2]" type="double" value="0.131932" />
        </ParameterList>
        <ParameterList name="verbose object" type="ParameterList">
          <Parameter name="verbosity level" type="string" value="low" />
        </ParameterList>
      </ParameterList>
 
      <ParameterList name="base_porosity" type="ParameterList">
        <Parameter name="field evaluator type" type="string" value="independent variable" />
        <ParameterList name="function" type="ParameterList">
          <ParameterList name="peat" type="ParameterList">
            <Parameter name="region" type="string" value="subsurface domain peat" />
            <Parameter name="component" type="string" value="cell" />
            <ParameterList name="function" type="ParameterList">
              <ParameterList name="function-constant" type="ParameterList">
                <Parameter name="value" type="double" value="   6.3739496E-01" />
              </ParameterList>
            </ParameterList>
          </ParameterList>
          <ParameterList name="mineral" type="ParameterList">
            <Parameter name="region" type="string" value="subsurface domain mineral" />
            <Parameter name="component" type="string" value="cell" />
            <ParameterList name="function" type="ParameterList">
              <ParameterList name="function-constant" type="ParameterList">
                <Parameter name="value" type="double" value="   4.8103077E-01" />
              </ParameterList>
            </ParameterList>
          </ParameterList>
          <ParameterList name="bedrock" type="ParameterList">
            <Parameter name="region" type="string" value="subsurface domain bedrock" />
            <Parameter name="component" type="string" value="cell" />
            <ParameterList name="function" type="ParameterList">
              <ParameterList name="function-constant" type="ParameterList">
                <Parameter name="value" type="double" value="0.3" />
              </ParameterList>
            </ParameterList>
          </ParameterList>
        </ParameterList>
        <ParameterList name="verbose object" type="ParameterList">
          <Parameter name="verbosity level" type="string" value="low" />
        </ParameterList>
      </ParameterList>
 
      <ParameterList name="porosity" type="ParameterList">
        <Parameter name="field evaluator type" type="string" value="compressible porosity" />
        <ParameterList name="compressible porosity model parameters" type="ParameterList">
          <ParameterList name="peat" type="ParameterList">
            <Parameter name="region" type="string" value="subsurface domain peat" />
            <Parameter name="pore compressibility [Pa^-1]" type="double" value="1e-07" />
          </ParameterList>
          <ParameterList name="mineral" type="ParameterList">
            <Parameter name="region" type="string" value="subsurface domain mineral" />
            <Parameter name="pore compressibility [Pa^-1]" type="double" value="1e-08" />
          </ParameterList>
          <ParameterList name="bedrock" type="ParameterList">
            <Parameter name="region" type="string" value="subsurface domain bedrock" />
            <Parameter name="pore compressibility [Pa^-1]" type="double" value="1e-09" />
          </ParameterList>
        </ParameterList>
      </ParameterList>
 
      <ParameterList name="permeability" type="ParameterList">
        <Parameter name="field evaluator type" type="string" value="independent variable" />
        <ParameterList name="function" type="ParameterList">
          <ParameterList name="peat" type="ParameterList">
            <Parameter name="region" type="string" value="subsurface domain peat" />
            <Parameter name="component" type="string" value="cell" />
            <ParameterList name="function" type="ParameterList">
              <ParameterList name="function-constant" type="ParameterList">
                <Parameter name="value" type="double" value="    5.3466221E-11" />
              </ParameterList>
            </ParameterList>
          </ParameterList>
          <ParameterList name="mineral" type="ParameterList">
            <Parameter name="region" type="string" value="subsurface domain mineral" />
            <Parameter name="component" type="string" value="cell" />
            <ParameterList name="function" type="ParameterList">
              <ParameterList name="function-constant" type="ParameterList">
                <Parameter name="value" type="double" value="    1.0000000E-13" />
              </ParameterList>
            </ParameterList>
          </ParameterList>
          <ParameterList name="bedrock" type="ParameterList">
            <Parameter name="region" type="string" value="subsurface domain bedrock" />
            <Parameter name="component" type="string" value="cell" />
            <ParameterList name="function" type="ParameterList">
              <ParameterList name="function-constant" type="ParameterList">
                <Parameter name="value" type="double" value="1e-14" />
              </ParameterList>
            </ParameterList>
          </ParameterList>
        </ParameterList>
        <ParameterList name="verbose object" type="ParameterList">
          <Parameter name="verbosity level" type="string" value="low" />
        </ParameterList>
      </ParameterList>
 
      <ParameterList name="density_rock" type="ParameterList">
        <Parameter name="field evaluator type" type="string" value="independent variable" />
        <ParameterList name="function" type="ParameterList">
          <ParameterList name="peat" type="ParameterList">
            <Parameter name="region" type="string" value="subsurface domain peat" />
            <Parameter name="component" type="string" value="cell" />
            <ParameterList name="function" type="ParameterList">
              <ParameterList name="function-constant" type="ParameterList">
                <Parameter name="value" type="double" value="   9.0000000E+02" />
              </ParameterList>
            </ParameterList>
          </ParameterList>
          <ParameterList name="mineral" type="ParameterList">
            <Parameter name="region" type="string" value="subsurface domain mineral" />
            <Parameter name="component" type="string" value="cell" />
            <ParameterList name="function" type="ParameterList">
              <ParameterList name="function-constant" type="ParameterList">
                <Parameter name="value" type="double" value="   1.9000000E+03" />
              </ParameterList>
            </ParameterList>
          </ParameterList>
          <ParameterList name="bedrock" type="ParameterList">
            <Parameter name="region" type="string" value="subsurface domain bedrock" />
            <Parameter name="component" type="string" value="cell" />
            <ParameterList name="function" type="ParameterList">
              <ParameterList name="function-constant" type="ParameterList">
                <Parameter name="value" type="double" value="2500" />
              </ParameterList>
            </ParameterList>
          </ParameterList>
        </ParameterList>
        <ParameterList name="verbose object" type="ParameterList">
          <Parameter name="verbosity level" type="string" value="low" />
        </ParameterList>
      </ParameterList>
 
 
 
    </ParameterList>
 
    <ParameterList name="initial conditions" type="ParameterList">
 
      <ParameterList name="atmospheric_pressure" type="ParameterList">
        <Parameter name="value" type="double" value="101325" />
      </ParameterList>
 
      <ParameterList name="gravity" type="ParameterList">
        <Parameter name="value" type="Array(double)" value="{ 0, 0,-9.80665}" />
      </ParameterList>
 
    </ParameterList>
  </ParameterList>
  <ParameterList name="visualization" type="ParameterList">
    <ParameterList name="domain" type="ParameterList">
      <Parameter name="cycles start period stop" type="Array(int)" value="{0,100,-1}" />
    </ParameterList>
  </ParameterList>
 
  <ParameterList name="observations" type="ParameterList">
    <ParameterList name="observation file" type="ParameterList">
      <Parameter name="write interval" type="int" value="1" />
      <Parameter name="observation output filename" type="string" value="observations.dat" />
      <Parameter name="times start period stop" type="Array(double)" value="{0.0,1.0,-1.0}" />
      <Parameter name="times start period stop units" type="string" value="d" />
      <Parameter name="delimiter" type="string" value=" " />
      <ParameterList name="observed quantities" type="ParameterList">
        <!--<ParameterList name="water content [mol]" type="ParameterList">
          <Parameter name="variable" type="string" value="water_content" />
          <Parameter name="region" type="string" value="subsurface domain" />
          <Parameter name="functional" type="string" value="extensive integral" />
          <Parameter name="location name" type="string" value="cell" />
        </ParameterList>-->
        <!--<ParameterList name="water table depth [m]" type="ParameterList">
          <Parameter name="variable" type="string" value="water_table_depth" />
          <Parameter name="region" type="string" value="subsurface domain" />
          <Parameter name="functional" type="string" value="average" />
          <Parameter name="location name" type="string" value="cell" />
        </ParameterList> -->
 
        <!-- Finding the temperature at the 13 depths -->
        <!--<ParameterList name="point -0.01 temperature [K]" type="ParameterList">
          <Parameter name="variable" type="string" value="temperature" />
          <Parameter name="region" type="string" value="subsurface point -0.01" />
          <Parameter name="functional" type="string" value="point" />
          <Parameter name="location name" type="string" value="cell" />
        </ParameterList>-->
        <ParameterList name="point -0.04 temperature [K]" type="ParameterList">
          <Parameter name="variable" type="string" value="temperature" />
          <Parameter name="region" type="string" value="subsurface point -0.04" />
          <Parameter name="functional" type="string" value="point" />
          <Parameter name="location name" type="string" value="cell" />
        </ParameterList>
        <ParameterList name="point -0.1 temperature [K]" type="ParameterList">
          <Parameter name="variable" type="string" value="temperature" />
          <Parameter name="region" type="string" value="subsurface point -0.1" />
          <Parameter name="functional" type="string" value="point" />
          <Parameter name="location name" type="string" value="cell" />
        </ParameterList>
        <ParameterList name="point -0.2 temperature [K]" type="ParameterList">
          <Parameter name="variable" type="string" value="temperature" />
          <Parameter name="region" type="string" value="subsurface point -0.2" />
          <Parameter name="functional" type="string" value="point" />
          <Parameter name="location name" type="string" value="cell" />
        </ParameterList>
        <ParameterList name="point -0.4 temperature [K]" type="ParameterList">
          <Parameter name="variable" type="string" value="temperature" />
          <Parameter name="region" type="string" value="subsurface point -0.4" />
          <Parameter name="functional" type="string" value="point" />
          <Parameter name="location name" type="string" value="cell" />
        </ParameterList>
        <ParameterList name="point -0.8 temperature [K]" type="ParameterList">
          <Parameter name="variable" type="string" value="temperature" />
          <Parameter name="region" type="string" value="subsurface point -0.8" />
          <Parameter name="functional" type="string" value="point" />
          <Parameter name="location name" type="string" value="cell" />
        </ParameterList>
        <ParameterList name="point -1.2 temperature [K]" type="ParameterList">
          <Parameter name="variable" type="string" value="temperature" />
          <Parameter name="region" type="string" value="subsurface point -1.2" />
          <Parameter name="functional" type="string" value="point" />
          <Parameter name="location name" type="string" value="cell" />
        </ParameterList>
        <ParameterList name="point -1.6 temperature [K]" type="ParameterList">
          <Parameter name="variable" type="string" value="temperature" />
          <Parameter name="region" type="string" value="subsurface point -1.6" />
          <Parameter name="functional" type="string" value="point" />
          <Parameter name="location name" type="string" value="cell" />
        </ParameterList>
        <!--<ParameterList name="point -5.0 temperature [K]" type="ParameterList">
          <Parameter name="variable" type="string" value="temperature" />
          <Parameter name="region" type="string" value="subsurface point -5.0" />
          <Parameter name="functional" type="string" value="point" />
          <Parameter name="location name" type="string" value="cell" />
        </ParameterList>
        <ParameterList name="point -10.0 temperature [K]" type="ParameterList">
          <Parameter name="variable" type="string" value="temperature" />
          <Parameter name="region" type="string" value="subsurface point -10.0" />
          <Parameter name="functional" type="string" value="point" />
          <Parameter name="location name" type="string" value="cell" />
        </ParameterList>
        <ParameterList name="point -20.0 temperature [K]" type="ParameterList">
          <Parameter name="variable" type="string" value="temperature" />
          <Parameter name="region" type="string" value="subsurface point -20.0" />
          <Parameter name="functional" type="string" value="point" />
          <Parameter name="location name" type="string" value="cell" />
        </ParameterList>
        <ParameterList name="point -30.0 temperature [K]" type="ParameterList">
          <Parameter name="variable" type="string" value="temperature" />
          <Parameter name="region" type="string" value="subsurface point -30.0" />
          <Parameter name="functional" type="string" value="point" />
          <Parameter name="location name" type="string" value="cell" />
        </ParameterList>
        <ParameterList name="point -40.0 temperature [K]" type="ParameterList">
          <Parameter name="variable" type="string" value="temperature" />
          <Parameter name="region" type="string" value="subsurface point -40.0" />
          <Parameter name="functional" type="string" value="point" />
          <Parameter name="location name" type="string" value="cell" />
        </ParameterList>-->
 
        <!-- Extracting data of the saturation of liquid at the 13 depths-->
        <!--<ParameterList name="point -0.01 saturation liquid" type="ParameterList">
          <Parameter name="variable" type="string" value="saturation_liquid" />
          <Parameter name="region" type="string" value="subsurface point -0.01" />
          <Parameter name="functional" type="string" value="point" />
          <Parameter name="location name" type="string" value="cell" />
        </ParameterList>-->
        <ParameterList name="point -0.04 saturation liquid" type="ParameterList">
          <Parameter name="variable" type="string" value="saturation_liquid" />
          <Parameter name="region" type="string" value="subsurface point -0.04" />
          <Parameter name="functional" type="string" value="point" />
          <Parameter name="location name" type="string" value="cell" />
        </ParameterList>
        <ParameterList name="point -0.1 saturation liquid" type="ParameterList">
          <Parameter name="variable" type="string" value="saturation_liquid" />
          <Parameter name="region" type="string" value="subsurface point -0.1" />
          <Parameter name="functional" type="string" value="point" />
          <Parameter name="location name" type="string" value="cell" />
        </ParameterList>
        <ParameterList name="point -0.2 saturation liquid" type="ParameterList">
          <Parameter name="variable" type="string" value="saturation_liquid" />
          <Parameter name="region" type="string" value="subsurface point -0.2" />
          <Parameter name="functional" type="string" value="point" />
          <Parameter name="location name" type="string" value="cell" />
        </ParameterList>
        <ParameterList name="point -0.4 saturation liquid" type="ParameterList">
          <Parameter name="variable" type="string" value="saturation_liquid" />
          <Parameter name="region" type="string" value="subsurface point -0.4" />
          <Parameter name="functional" type="string" value="point" />
          <Parameter name="location name" type="string" value="cell" />
        </ParameterList>
        <ParameterList name="point -0.8 saturation liquid" type="ParameterList">
          <Parameter name="variable" type="string" value="saturation_liquid" />
          <Parameter name="region" type="string" value="subsurface point -0.8" />
          <Parameter name="functional" type="string" value="point" />
          <Parameter name="location name" type="string" value="cell" />
        </ParameterList>
        <ParameterList name="point -1.2 saturation liquid" type="ParameterList">
          <Parameter name="variable" type="string" value="saturation_liquid" />
          <Parameter name="region" type="string" value="subsurface point -1.2" />
          <Parameter name="functional" type="string" value="point" />
          <Parameter name="location name" type="string" value="cell" />
        </ParameterList>
        <ParameterList name="point -1.6 saturation liquid" type="ParameterList">
          <Parameter name="variable" type="string" value="saturation_liquid" />
          <Parameter name="region" type="string" value="subsurface point -1.6" />
          <Parameter name="functional" type="string" value="point" />
          <Parameter name="location name" type="string" value="cell" />
        </ParameterList>
        <!--<ParameterList name="point -5.0 saturation liquid" type="ParameterList">
          <Parameter name="variable" type="string" value="saturation_liquid" />
          <Parameter name="region" type="string" value="subsurface point -5.0" />
          <Parameter name="functional" type="string" value="point" />
          <Parameter name="location name" type="string" value="cell" />
        </ParameterList>
        <ParameterList name="point -10.0 saturation liquid" type="ParameterList">
          <Parameter name="variable" type="string" value="saturation_liquid" />
          <Parameter name="region" type="string" value="subsurface point -10.0" />
          <Parameter name="functional" type="string" value="point" />
          <Parameter name="location name" type="string" value="cell" />
        </ParameterList>-->
 
        <!-- Extracting data of the saturation of ice at the 13 depths-->
        <!--<ParameterList name="point -0.01 saturation ice" type="ParameterList">
          <Parameter name="variable" type="string" value="saturation_ice" />
          <Parameter name="region" type="string" value="subsurface point -0.01" />
          <Parameter name="functional" type="string" value="point" />
          <Parameter name="location name" type="string" value="cell" />
        </ParameterList>
        <ParameterList name="point -0.04 saturation ice" type="ParameterList">
          <Parameter name="variable" type="string" value="saturation_ice" />
          <Parameter name="region" type="string" value="subsurface point -0.04" />
          <Parameter name="functional" type="string" value="point" />
          <Parameter name="location name" type="string" value="cell" />
        </ParameterList>
        <ParameterList name="point -0.1 saturation ice" type="ParameterList">
          <Parameter name="variable" type="string" value="saturation_ice" />
          <Parameter name="region" type="string" value="subsurface point -0.1" />
          <Parameter name="functional" type="string" value="point" />
          <Parameter name="location name" type="string" value="cell" />
        </ParameterList>
        <ParameterList name="point -0.2 saturation ice" type="ParameterList">
          <Parameter name="variable" type="string" value="saturation_ice" />
          <Parameter name="region" type="string" value="subsurface point -0.2" />
          <Parameter name="functional" type="string" value="point" />
          <Parameter name="location name" type="string" value="cell" />
        </ParameterList>
        <ParameterList name="point -0.4 saturation ice" type="ParameterList">
          <Parameter name="variable" type="string" value="saturation_ice" />
          <Parameter name="region" type="string" value="subsurface point -0.4" />
          <Parameter name="functional" type="string" value="point" />
          <Parameter name="location name" type="string" value="cell" />
        </ParameterList>
        <ParameterList name="point -0.8 saturation ice" type="ParameterList">
          <Parameter name="variable" type="string" value="saturation_ice" />
          <Parameter name="region" type="string" value="subsurface point -0.8" />
          <Parameter name="functional" type="string" value="point" />
          <Parameter name="location name" type="string" value="cell" />
        </ParameterList>
        <ParameterList name="point -1.2 saturation ice" type="ParameterList">
          <Parameter name="variable" type="string" value="saturation_ice" />
          <Parameter name="region" type="string" value="subsurface point -1.2" />
          <Parameter name="functional" type="string" value="point" />
          <Parameter name="location name" type="string" value="cell" />
        </ParameterList>
        <ParameterList name="point -1.6 saturation ice" type="ParameterList">
          <Parameter name="variable" type="string" value="saturation_ice" />
          <Parameter name="region" type="string" value="subsurface point -1.6" />
          <Parameter name="functional" type="string" value="point" />
          <Parameter name="location name" type="string" value="cell" />
        </ParameterList>
        <ParameterList name="point -5.0 saturation ice" type="ParameterList">
          <Parameter name="variable" type="string" value="saturation_ice" />
          <Parameter name="region" type="string" value="subsurface point -5.0" />
          <Parameter name="functional" type="string" value="point" />
          <Parameter name="location name" type="string" value="cell" />
        </ParameterList>
        <ParameterList name="point -10.0 saturation ice" type="ParameterList">
          <Parameter name="variable" type="string" value="saturation_ice" />
          <Parameter name="region" type="string" value="subsurface point -10.0" />
          <Parameter name="functional" type="string" value="point" />
          <Parameter name="location name" type="string" value="cell" />
        </ParameterList> -->
      </ParameterList>
    </ParameterList>
  </ParameterList>
</ParameterList>
